variant,run,n,gmean2,tpr,tnr,acc
base,run-20260424-162647-288149,58,0.24970273483947683,0.5172413793103449,0.4827586206896552,0.5
40_shot,run-20260424-154451-520105,58,0.4042806183115339,0.6896551724137931,0.5862068965517241,0.6379310344827587
