{
  "id": "8786f6d4-c5f9-418e-95a0-2d0829808d3f",
  "generation": 0,
  "iteration": 0,
  "timestamp": 1777945034.387122,
  "parent_id": null,
  "metrics": {
    "error": 0.0
  },
  "language": "unknown",
  "saved_at": 1777945117.3433833
}