{
  "runs": 3,
  "query_size": 86,
  "gmean2": {
    "mean": 0.2711375518298179,
    "std": 0.05210366513706387
  },
  "acc": {
    "mean": 0.624031007751938,
    "std": 0.03552384259655685
  },
  "tpr": {
    "mean": 0.9689922480620156,
    "std": 0.026853500892540717
  },
  "tnr": {
    "mean": 0.27906976744186046,
    "std": 0.04651162790697676
  }
}