{
  "id": "b2c1a2bf-4282-44a3-860d-271327ad7754",
  "generation": 0,
  "iteration": 0,
  "timestamp": 1777945094.0222168,
  "parent_id": null,
  "metrics": {
    "error": 0.0
  },
  "language": "unknown",
  "saved_at": 1777945117.3431299
}