{
  "id": "0cb9984d-b17c-46db-ba33-cb781f3ad90a",
  "generation": 1,
  "iteration": 2,
  "timestamp": 1777860850.9652765,
  "parent_id": "7f7381ce-cfd3-4c76-acef-bb1602f287ed",
  "metrics": {
    "combined_score": 0.4451875,
    "best_pair_score": 0.48750000000000004,
    "family_top2_mean": 0.37375,
    "prompt_count": 4,
    "best_prompt_index": 1,
    "best_shot_count": 10,
    "pilot_rows": 12,
    "full_rows": 3,
    "task_count": 1,
    "task_sycophancy_ood_mean_gmean2": 0.3191666666666667
  },
  "language": "unknown",
  "saved_at": 1777860907.0890186
}